,ngram,count
1907,it takes a bit,26
1908,takes a bit more,26
1906,yeah it takes a,18
1270,far it's alright alright,16
1269,so far it's alright,16
1268,yeah so far it's,16
1911,more yeah it takes,14
1215,it all the time,14
1214,doing it all the,14
1213,she's doing it all,14
1909,a bit more yeah,13
1910,bit more yeah it,13
1274,baby yeah so far,12
1272,alright alright baby yeah,12
1273,alright baby yeah so,12
1271,it's alright alright baby,12
1712,i wanna see you,10
1912,a bit more than,10
1913,bit more than you,10
1219,yeah she's doing it,10
1218,time yeah she's doing,10
1217,the time yeah she's,10
1216,all the time yeah,10
534,not scared i'm not,9
535,scared i'm not scared,9
533,i'm not scared i'm,9
182,the blood is on,8
183,blood is on your,8
184,is on your tongue,8
185,on your tongue as,8
188,as well as your,8
189,well as your hands,8
186,your tongue as well,8
949,i thought i'd see,8
950,thought i'd see you,8
1126,medicine yeah you're medicine,8
951,i'd see you around,8
952,see you around but,8
187,tongue as well as,8
954,around but you're dead,8
955,but you're dead now,8
953,you around but you're,8
948,well i thought i'd,8
329,i think i'm falling,8
959,dead now well i,7
960,now well i thought,7
978,don't you mind i,7
119,it the same for,6
197,as your hands archaic,6
203,you just wash them,6
202,content you just wash,6
201,and content you just,6
200,archaic and content you,6
199,hands archaic and content,6
198,your hands archaic and,6
1125,my medicine yeah you're,6
1124,you're my medicine yeah,6
987,mind don't you mind,6
985,don't you mind don't,6
1127,yeah you're medicine yeah,6
1128,you're medicine yeah you're,6
957,dead now dead now,6
986,you mind don't you,6
204,just wash them off,6
120,the same for you?,6
1914,more than you it,6
330,think i'm falling i'm,6
332,falling i'm falling for,6
333,i'm falling for you,6
331,i'm falling i'm falling,6
118,is it the same,6
1915,than you it takes,6
1916,you it takes a,6
1703,liked you now i,5
1697,didn't even see you,5
1707,ain't got no time,5
1696,i didn't even see,5
1706,i ain't got no,5
1705,now i ain't got,5
1704,you now i ain't,5
1699,see you when i,5
1698,even see you when,5
1702,i liked you now,5
1700,you when i liked,5
1709,no time girl i,5
1701,when i liked you,5
1708,got no time girl,5
1715,you undo it i,5
1710,time girl i wanna,5
1718,wanna see you but,5
1719,see you but you're,5
207,off the blood is,5
1721,but you're not mine,5
1711,girl i wanna see,5
206,them off the blood,5
205,wash them off the,5
1717,it i wanna see,5
1716,undo it i wanna,5
1714,see you undo it,5
1713,wanna see you undo,5
1720,you but you're not,5
1781,got a woman now,4
1212,now she's doing it,4
1780,i've got a woman,4
1779,oh i've got a,4
334,falling for you and,4
1778,and oh i've got,4
1267,[hook] yeah so far,4
122,for you? is it,4
1210,[chorus] and now she's,4
121,same for you? is,4
123,you? is it the,4
1175,you she does a,4
1176,she does a little,4
328,i i think i'm,4
958,now dead now well,4
956,you're dead now dead,4
327,me? i i think,4
1211,and now she's doing,4
1130,yeah you're my medicine,4
1980,wanna dance? do you,4
1979,you wanna dance? do,4
1978,do you wanna dance?,4
624,head cars bending head,4
625,cars bending head cars,4
626,bending head cars bending,4
1981,dance? do you wanna,4
1129,medicine yeah you're my,4
1123,because you're my medicine,3
1387,yeah it's alright [hook],3
962,you're dead now well,3
1386,alright yeah it's alright,3
1275,it's alright alright [verse,3
1753,you're not mine i,3
1754,not mine i didn't,3
1755,mine i didn't even,3
1905,[chorus] yeah it takes,3
1388,it's alright [hook] yeah,3
1389,alright [hook] yeah so,3
1258,it's only a couple,2
1977,say do you wanna,2
1263,lines [chorus] and now,2
1261,couple of lines [chorus],2
1260,a couple of lines,2
1259,only a couple of,2
1262,of lines [chorus] and,2
319,you're all i need,2
1982,do you wanna dance,2
1059,you mind i hurt,2
685,music for cars is,2
1255,your heart if it's,2
323,[hook] don't you see,2
324,don't you see me?,2
325,you see me? i,2
326,see me? i i,2
1060,mind i hurt your,2
1061,i hurt your brother,2
1062,hurt your brother as,2
1063,your brother as well,2
1257,if it's only a,2
117,[chorus] is it the,2
1254,mend your heart if,2
1253,won't mend your heart,2
1228,i want you she,2
1229,want you she does,2
1230,does a little bit,2
1231,a little bit on,2
1232,little bit on the,2
1233,bit on the sly,2
1234,on the sly that,2
1235,the sly that shows,2
1236,sly that shows what,2
1237,that shows what she's,2
1238,shows what she's up,2
1239,what she's up to,2
1240,she's up to she,2
1241,up to she started,2
1242,to she started talking,2
1243,she started talking about,2
1244,started talking about missing,2
1245,talking about missing him,2
1057,through hell don't you,2
1058,hell don't you mind,2
1975,and i say do,2
1976,i say do you,2
1246,about missing him she,2
1247,missing him she was,2
1248,him she was glistening,2
1249,she was glistening it,2
1250,was glistening it won't,2
1064,brother as well don't,2
1252,it won't mend your,2
1251,glistening it won't mend,2
336,you and don't you,2
1065,as well don't you,2
1070,oh i was thinking,2
1072,was thinking 'bout killing,2
1073,thinking 'bout killing myself,2
1074,'bout killing myself don't,2
1075,killing myself don't you,2
1076,myself don't you mind,2
1077,you mind i love,2
1078,mind i love you,2
1079,i love you don't,2
1080,love you don't you,2
1081,you don't you mind,2
2008,a bit more it,2
2009,bit more it takes,2
2010,more it takes a,2
617,your room what's that,2
618,room what's that boy,2
619,what's that boy doing?,2
620,that boy doing? [chorus],2
621,boy doing? [chorus] head,2
622,doing? [chorus] head cars,2
623,[chorus] head cars bending,2
402,i want you now,2
1695,[chorus] i didn't even,2
527,[hook] i'm not scared,2
1404,"said ""is that alright?""",2
1403,"she said ""is that",2
1402,""" she said ""is",2
1397,to the end of,2
1396,coming to the end,2
1629,go down soft sound,2
1071,i was thinking 'bout,2
1069,mind oh i was,2
1990,the back of the,2
1068,you mind oh i,2
1991,back of the hall?,2
335,for you and don't,2
1226,down yeah i want,2
337,and don't you need,2
338,don't you need me?,2
339,you need me? i,2
340,need me? i i,2
341,falling for you on,2
342,for you on this,2
343,you on this night,2
344,on this night and,2
345,this night and in,2
346,night and in this,2
347,and in this light,2
348,in this light i,2
349,this light i think,2
350,light i think i'm,2
351,think i'm falling i,2
352,i'm falling i think,2
353,falling i think i'm,2
354,for you and maybe,2
355,you and maybe you,2
356,and maybe you change,2
357,maybe you change your,2
358,you change your mind,2
359,change your mind [verse,2
536,i'm not scared [verse,2
1066,well don't you mind,2
1067,don't you mind oh,2
1227,yeah i want you,2
1256,heart if it's only,2
1225,slow down yeah i,2
145,love the house that,2
153,i love you all,2
152,and i love you,2
151,in and i love,2
150,live in and i,2
149,we live in and,2
148,that we live in,2
147,house that we live,2
146,the house that we,2
607,[pre-chorus] drink fall spew,2
608,drink fall spew telephone,2
1195,she's so cool she,2
144,i love the house,2
609,fall spew telephone you,2
1171,straight lines they unwind,2
610,spew telephone you if,2
611,telephone you if you're,2
1224,2] slow down yeah,2
1191,the bleeding's incidental cause,2
1192,bleeding's incidental cause she's,2
1193,incidental cause she's so,2
154,love you all too,2
155,you all too much,2
1122,[chorus] because you're my,2
1172,lines they unwind you,2
1180,thing with her eyes,2
1875,and so am i,2
1874,are and so am,2
1181,with her eyes that,2
1182,her eyes that says,2
1183,"eyes that says ""we're",2
1184,"that says ""we're off",2
1185,"says ""we're off soon""",2
1186,"""we're off soon"" she",2
1187,"off soon"" she says",2
1188,"soon"" she says the",2
1189,she says the bleeding's,2
961,now dead now dead,2
1179,little thing with her,2
1178,a little thing with,2
1177,does a little thing,2
1010,don't you mind [verse,2
1174,unwind you she does,2
1173,they unwind you she,2
1194,cause she's so cool,2
1190,says the bleeding's incidental,2
1170,1] straight lines they,2
1221,the time [verse 2],2
923,was getting high with,2
922,i was getting high,2
921,mornings i was getting,2
920,the mornings i was,2
919,in the mornings i,2
940,cause everybody is pushing,2
1222,time [verse 2] slow,2
1220,all the time [verse,2
1223,[verse 2] slow down,2
613,if you're alone in,2
614,you're alone in your,2
615,alone in your room,2
616,in your room what's,2
1056,mother through hell don't,2
1055,your mother through hell,2
1054,put your mother through,2
924,getting high with you,2
612,you if you're alone,2
1202,fun if i've only,2
1209,"wine"" [chorus] and now",2
1169,[verse 1] straight lines,2
902,what you sitting 'round,2
903,you sitting 'round here,2
904,sitting 'round here for,2
905,'round here for and,2
1200,"""i'm no fun if",2
1201,no fun if i've,2
1053,i put your mother,2
1203,if i've only a,2
906,here for and why,2
1204,i've only a bottle,2
1205,only a bottle of,2
1206,"a bottle of wine""",2
1207,"bottle of wine"" [chorus]",2
1208,"of wine"" [chorus] and",2
1405,"""is that alright?"" ""well",1
1406,"that alright?"" ""well it's",1
1414,"and me "" she",1
1407,"alright?"" ""well it's coming",1
1408,"""well it's coming to",1
1409,it's coming to the,1
1410,the end of you,1
1411,end of you and,1
1412,of you and me,1
1413,"you and me """,1
1420,how can you complain,1
1454,town so get me,1
1419,and how can you,1
1418,"alright?"" and how can",1
1417,"that alright?"" and how",1
1416,"""is that alright?"" and",1
1415,"me "" she said",1
1455,so get me one,1
1464,you out i don't,1
1456,get me one off,1
1372,give's a go on,1
1380,getting along with your,1
1379,you getting along with,1
1378,how you getting along,1
1377,bike how you getting,1
1376,your bike how you,1
1375,on your bike how,1
1374,go on your bike,1
1373,a go on your,1
1371,"television"" give's a go",1
1457,me one off adam,1
1370,"the television"" give's a",1
1369,"on the television"" give's",1
1368,"mother's on the television""",1
1367,your mother's on the,1
1366,and your mother's on,1
1365,friend and your mother's,1
1364,terrible friend and your,1
1463,sorting you out i,1
1381,along with your life?,1
1382,with your life? it's,1
1383,your life? it's alright,1
1384,life? it's alright yeah,1
1401,"23 "" she said",1
1400,"of 23 "" she",1
1399,"end of 23 """,1
1398,the end of 23,1
1458,one off adam if,1
1459,off adam if he's,1
1395,i'm coming to the,1
1394,"""well i'm coming to",1
1393,"2] ""well i'm coming",1
1392,"[verse 2] ""well i'm",1
1391,"alright [verse 2] ""well",1
1390,alright alright [verse 2],1
1460,adam if he's sorting,1
1461,if he's sorting you,1
1465,out i don't really,1
1422,you complain about life,1
1385,it's alright yeah it's,1
1421,can you complain about,1
1432,you just sit at,1
1453,the town so get,1
1480,for a way to,1
1482,way to get out,1
1483,to get out it's,1
1484,get out it's just,1
1485,out it's just a,1
1486,it's just a reflection,1
1487,just a reflection on,1
1488,a reflection on the,1
1489,reflection on the size,1
1490,on the size of,1
1491,the size of your,1
1492,size of your house,1
1493,of your house a,1
1436,pete's house playing video,1
1437,house playing video games,1
1438,playing video games doing,1
1439,video games doing sniff,1
1440,games doing sniff that,1
1441,doing sniff that you,1
1448,can't be picking up,1
1442,sniff that you can't,1
1443,that you can't afford,1
1444,you can't afford i,1
1447,i can't be picking,1
1446,afford i can't be,1
1445,can't afford i can't,1
1462,he's sorting you out,1
1362,you're a terrible friend,1
1481,a way to get,1
1479,looking for a way,1
1452,in the town so,1
1478,always looking for a,1
1451,up in the town,1
1450,picking up in the,1
1449,be picking up in,1
1466,i don't really care,1
1467,don't really care what,1
1468,really care what all,1
1469,care what all your,1
1470,what all your friends,1
1423,complain about life and,1
1424,about life and talk,1
1425,life and talk about,1
1426,and talk about being,1
1427,talk about being bored?,1
1428,about being bored? if,1
1429,being bored? if you,1
1430,bored? if you just,1
1431,if you just sit,1
1433,just sit at pete's,1
1434,sit at pete's house,1
1435,at pete's house playing,1
1471,all your friends were,1
1472,your friends were about,1
1473,friends were about i,1
1474,were about i was,1
1475,about i was always,1
1476,i was always looking,1
1477,was always looking for,1
1363,a terrible friend and,1
0,in jeans so new,1
1361,out you're a terrible,1
1360,found out you're a,1
1160,head of mine [chorus],1
1159,hazy head of mine,1
1158,this hazy head of,1
1157,opiate this hazy head,1
1156,you opiate this hazy,1
1155,and you opiate this,1
1154,"""bye-bye"" and you opiate",1
1153,"say ""bye-bye"" and you",1
1152,"to say ""bye-bye"" and",1
1151,"have to say ""bye-bye""",1
1150,i have to say,1
1149,all i have to,1
1148,that's all i have,1
1147,and that's all i,1
1146,"you"" and that's all",1
1145,"adore you"" and that's",1
1144,"i adore you"" and",1
1161,of mine [chorus] because,1
1162,mine [chorus] because you're,1
1163,yeah you're medicine because,1
1264,all the time [hook],1
1279,1] yeah it's the,1
1278,[verse 1] yeah it's,1
1277,alright [verse 1] yeah,1
1276,alright alright [verse 1],1
1495,house a silver spoon,1
1266,time [hook] yeah so,1
1265,the time [hook] yeah,1
1199,"said ""i'm no fun",1
1164,you're medicine because you're,1
1198,"she said ""i'm no",1
1197,"cool she said ""i'm",1
1196,so cool she said,1
1168,medicine [verse 1] straight,1
1167,my medicine [verse 1],1
1166,you're my medicine [verse,1
1165,medicine because you're my,1
1143,"""i i adore you""",1
1142,"say ""i i adore",1
1141,"i say ""i i",1
1103,and how could i,1
1110,rid me of the,1
1109,you rid me of,1
1108,yeah you rid me,1
1107,refuse? yeah you rid,1
1106,i refuse? yeah you,1
1105,could i refuse? yeah,1
1104,how could i refuse?,1
1102,i and how could,1
1112,of the blues ever,1
1101,and i and how,1
1100,you and i and,1
1099,of you and i,1
1098,state of you and,1
1097,the state of you,1
1096,in the state of,1
1095,even in the state,1
1111,me of the blues,1
1113,the blues ever since,1
1140,"you i say ""i",1
1132,you're medicine [verse 2],1
1139,marry you i say,1
1138,wanna marry you i,1
1137,i wanna marry you,1
1136,i i wanna marry,1
1135,2] i i wanna,1
1134,[verse 2] i i,1
1133,medicine [verse 2] i,1
1131,yeah you're medicine [verse,1
1114,blues ever since you,1
1121,life [chorus] because you're,1
1120,my life [chorus] because,1
1119,into my life [chorus],1
1118,came into my life,1
1117,you came into my,1
1116,since you came into,1
1115,ever since you came,1
1280,yeah it's the way,1
1281,it's the way we,1
1282,the way we are,1
1332,never gets cold because,1
1339,"on his back ""i",1
1338,always on his back,1
1337,sun's always on his,1
1336,the sun's always on,1
1335,because the sun's always,1
1334,cold because the sun's,1
1333,gets cold because the,1
1331,he never gets cold,1
1341,"back ""i used to",1
1330,but he never gets,1
1329,stone but he never,1
1328,of stone but he,1
1327,made of stone but,1
1326,heart made of stone,1
1325,a heart made of,1
1324,got a heart made,1
1340,"his back ""i used",1
1342,"""i used to think",1
1322,attacks he's got a,1
1352,you had a wonderful,1
1359,soon found out you're,1
1358,i soon found out,1
1357,but i soon found,1
1356,vision but i soon,1
1355,wonderful vision but i,1
1354,a wonderful vision but,1
1353,had a wonderful vision,1
1351,believed you had a,1
1343,used to think you,1
1350,i believed you had,1
1349,and i believed you,1
1348,cool and i believed,1
1347,were cool and i,1
1346,you were cool and,1
1345,think you were cool,1
1344,to think you were,1
1323,he's got a heart,1
1321,heart attacks he's got,1
1283,way we are we,1
1292,knocking round town beat,1
1299,my arm we were,1
1298,on my arm we,1
1297,ups on my arm,1
1296,'em ups on my,1
1295,beat 'em ups on,1
1294,town beat 'em ups,1
1293,round town beat 'em,1
1291,and knocking round town,1
1301,we were never good,1
1290,11 and knocking round,1
1289,by 11 and knocking,1
1288,smoking by 11 and,1
1287,were smoking by 11,1
1286,we were smoking by,1
1285,are we were smoking,1
1284,we are we were,1
1300,arm we were never,1
1302,were never good at,1
1320,of heart attacks he's,1
1312,stay with my father,1
1319,die of heart attacks,1
1318,friends die of heart,1
1317,his friends die of,1
1316,while his friends die,1
1315,father while his friends,1
1314,my father while his,1
1313,with my father while,1
1311,i stay with my,1
1303,never good at selling,1
1310,and i stay with,1
1309,down and i stay,1
1308,cut down and i,1
1307,couldn't cut down and,1
1306,selling couldn't cut down,1
1305,at selling couldn't cut,1
1304,good at selling couldn't,1
1494,your house a silver,1
1558,and killing yourself and,1
1496,a silver spoon and,1
1836,same and boy there's,1
1848,chasing dreams man it's,1
1847,try chasing dreams man,1
1846,you try chasing dreams,1
1845,and you try chasing,1
1844,mouth and you try,1
1843,your mouth and you,1
1842,about your mouth and,1
1841,different about your mouth,1
1840,something different about your,1
1839,there's something different about,1
1838,boy there's something different,1
1837,and boy there's something,1
1835,the same and boy,1
1497,silver spoon and a,1
1834,tastes the same and,1
1833,all tastes the same,1
1832,it all tastes the,1
1831,"mind"" it all tastes",1
1830,"don't mind"" it all",1
1829,"i don't mind"" it",1
1828,"house i don't mind""",1
1827,the house i don't,1
1826,on the house i,1
1825,one's on the house,1
1824,this one's on the,1
1823,and this one's on,1
1849,dreams man it's harder,1
1850,man it's harder than,1
1851,it's harder than it,1
1852,harder than it seems,1
1879,just typically drowned in,1
1878,i just typically drowned,1
1877,am i just typically,1
1876,so am i just,1
1873,friends are and so,1
1872,your friends are and,1
1871,of your friends are,1
1870,all of your friends,1
1869,least all of your,1
1868,at least all of,1
1867,liar at least all,1
1866,a liar at least,1
1865,you're a liar at,1
1864,and you're a liar,1
1863,1] and you're a,1
1862,[verse 1] and you're,1
1861,now [verse 1] and,1
1860,woman now [verse 1],1
1859,a woman now [verse,1
1858,now and oh i've,1
1857,woman now and oh,1
1856,a woman now and,1
1855,seems and oh i've,1
1854,it seems and oh,1
1853,than it seems and,1
1822,oh and this one's,1
1821,need oh and this,1
1820,you need oh and,1
1791,on i feel her,1
1789,turn me on i,1
1788,don't turn me on,1
1787,photos don't turn me,1
1786,wallet photos don't turn,1
1785,her wallet photos don't,1
1784,now her wallet photos,1
1783,woman now her wallet,1
1782,a woman now her,1
1777,seams and oh i've,1
1776,the seams and oh,1
1775,at the seams and,1
1774,bursting at the seams,1
1773,i'm bursting at the,1
1772,seems i'm bursting at,1
1771,it seems i'm bursting,1
1770,as it seems i'm,1
1769,strange as it seems,1
1768,around strange as it,1
1767,come around strange as,1
1766,light come around strange,1
1765,the light come around,1
1764,see the light come,1
1763,i see the light,1
1762,name i see the,1
1761,my name i see,1
1790,me on i feel,1
1792,i feel her hand,1
1819,all you need oh,1
1793,feel her hand come,1
1818,that's all you need,1
1817,boy that's all you,1
1816,eileen boy that's all,1
1815,is eileen boy that's,1
1814,name is eileen boy,1
1813,"""my name is eileen",1
1812,"said ""my name is",1
1811,"she said ""my name",1
1810,"now she said ""my",1
1809,woman now she said,1
1808,a woman now she,1
1807,seem and oh i've,1
1806,they seem and oh,1
1805,than they seem and,1
1804,darker than they seem,1
1803,are darker than they,1
1802,jeans are darker than,1
1801,denim jeans are darker,1
1800,stone-wash denim jeans are,1
1799,her stone-wash denim jeans,1
1798,and her stone-wash denim,1
1797,around and her stone-wash,1
1796,come around and her,1
1795,hand come around and,1
1794,her hand come around,1
1880,typically drowned in my,1
1881,drowned in my car,1
1882,in my car it's,1
1988,bar at the back,1
1986,in the bar at,1
1985,dance in the bar,1
1984,wanna dance in the,1
1983,you wanna dance in,1
1974,[bridge] and i say,1
1973,you [bridge] and i,1
1972,than you [bridge] and,1
1971,more than you [bridge],1
1970,you yeah it takes,1
1969,than you yeah it,1
1968,more than you yeah,1
1967,here [chorus] yeah it,1
1966,everybody here [chorus] yeah,1
1965,fucked everybody here [chorus],1
1964,i fucked everybody here,1
1963,that i fucked everybody,1
1962,fault that i fucked,1
1961,my fault that i,1
1960,not my fault that,1
1959,it's not my fault,1
1958,and it's not my,1
1957,year and it's not,1
1956,a year and it's,1
1955,been a year and,1
1954,only been a year,1
1987,the bar at the,1
1989,at the back of,1
1952,how it's only been,1
1992,of the hall? and,1
2020,the time,1
2019,all the time,1
2018,"says ""i'm no fun",1
2017,"she says ""i'm no",1
2016,"cool she says ""i'm",1
2015,so cool she says,1
2014,[milk] [verse 1] straight,1
2013,more [milk] [verse 1],1
2012,bit more [milk] [verse,1
2011,a bit more [milk],1
2007,more more yeah it,1
2006,more more more yeah,1
2005,you more more more,1
2004,than you more more,1
2003,more than you more,1
2002,hall? [chorus] yeah it,1
2001,the hall? [chorus] yeah,1
2000,of the hall? [chorus],1
1999,in the back of,1
1998,dance in the back,1
1997,dance dance in the,1
1996,wanna dance dance in,1
1995,you wanna dance dance,1
1994,hall? and i say,1
1993,the hall? and i,1
1953,it's only been a,1
1951,ironic how it's only,1
1883,my car it's my,1
1922,and you're alive at,1
1920,[verse 2] and you're,1
1919,you [verse 2] and,1
1918,than you [verse 2],1
1917,more than you [verse,1
1904,you [chorus] yeah it,1
1903,friends you [chorus] yeah,1
1902,my friends you [chorus],1
1901,of my friends you,1
1900,all of my friends,1
1899,kissing all of my,1
1898,than kissing all of,1
1897,harder than kissing all,1
1896,try harder than kissing,1
1895,must try harder than,1
1894,you must try harder,1
1893,end you must try,1
1892,the end you must,1
1891,to the end you,1
1890,cry to the end,1
1889,i'll cry to the,1
1888,and i'll cry to,1
1887,party and i'll cry,1
1886,my party and i'll,1
1885,it's my party and,1
1884,car it's my party,1
1921,2] and you're alive,1
1923,you're alive at least,1
1950,so ironic how it's,1
1924,alive at least as,1
1949,it's so ironic how,1
1948,and it's so ironic,1
1947,car and it's so,1
1946,my car and it's,1
1945,to my car and,1
1944,back to my car,1
1943,we're back to my,1
1942,then we're back to,1
1941,and then we're back,1
1940,down and then we're,1
1939,me down and then,1
1938,beat me down and,1
1937,you beat me down,1
1936,i you beat me,1
1935,am i you beat,1
1934,so am i you,1
1933,you are and so,1
1932,tell you are and,1
1931,can tell you are,1
1930,i can tell you,1
1929,as i can tell,1
1928,far as i can,1
1927,as far as i,1
1926,least as far as,1
1925,at least as far,1
1760,mistakes my name i,1
1759,she mistakes my name,1
1758,mine she mistakes my,1
1582,the one and you,1
1580,that i'm the one,1
1579,pretend that i'm the,1
1578,clouds? pretend that i'm,1
1577,the clouds? pretend that,1
1576,in the clouds? pretend,1
1575,up in the clouds?,1
1574,me up in the,1
1573,take me up in,1
1572,to take me up,1
1571,want to take me,1
1570,you want to take,1
1569,don't you want to,1
1568,school don't you want,1
1567,to school don't you,1
1566,went to school don't,1
1565,ever went to school,1
1564,hardly ever went to,1
1563,you hardly ever went,1
1562,how you hardly ever,1
1561,and how you hardly,1
1560,yourself and how you,1
1559,killing yourself and how,1
1093,say bye even in,1
1557,sex and killing yourself,1
1556,about sex and killing,1
1581,i'm the one and,1
1583,one and you can,1
1554,just write about sex,1
1584,and you can show,1
1609,your ultimatum's a ridiculous,1
1608,about your ultimatum's a,1
1607,sleeping about your ultimatum's,1
1606,by sleeping about your,1
1605,it by sleeping about,1
1604,for it by sleeping,1
1603,up for it by,1
1602,making up for it,1
1601,he's making up for,1
1600,now he's making up,1
1599,out now he's making,1
1598,get out now he's,1
1597,to get out now,1
1596,had to get out,1
1595,we had to get,1
1594,so we had to,1
1593,marriage so we had,1
1592,talking marriage so we,1
1591,was talking marriage so,1
1590,she was talking marriage,1
1589,about she was talking,1
1588,me about she was,1
1587,show me about she,1
1586,can show me about,1
1585,you can show me,1
1555,write about sex and,1
1553,you just write about,1
1611,a ridiculous joke i'm,1
1524,in in the bar,1
1522,town pushing in in,1
1521,round town pushing in,1
1520,knocking round town pushing,1
1519,we're knocking round town,1
1518,11 we're knocking round,1
1517,to 11 we're knocking,1
1516,quarter to 11 we're,1
1515,it's quarter to 11,1
1514,are it's quarter to,1
1513,we are it's quarter,1
1512,here we are it's,1
1511,so here we are,1
1510,3] so here we,1
1509,[verse 3] so here,1
1508,alright [verse 3] so,1
1507,alright alright [verse 3],1
1506,you're alright yeah it's,1
1505,but you're alright yeah,1
1504,mouth but you're alright,1
1503,your mouth but you're,1
1502,in your mouth but,1
1501,zoot in your mouth,1
1500,a zoot in your,1
1499,and a zoot in,1
1498,spoon and a zoot,1
1523,pushing in in the,1
1525,in the bar you,1
1552,cool you just write,1
1526,the bar you can,1
1551,well cool you just,1
1550,you're well cool you,1
1549,think you're well cool,1
1548,you think you're well,1
1547,much? you think you're,1
1546,so much? you think,1
1545,it so much? you,1
1544,hate it so much?,1
1543,you hate it so,1
1542,if you hate it,1
1541,stay if you hate,1
1540,why stay if you,1
1539,and why stay if,1
1538,hour and why stay,1
1537,an hour and why,1
1536,of an hour and,1
1535,quarter of an hour,1
1534,a quarter of an,1
1533,it's a quarter of,1
1532,11 it's a quarter,1
1531,until 11 it's a,1
1530,cry until 11 it's,1
1529,can cry until 11,1
1528,you can cry until,1
1527,bar you can cry,1
1610,ultimatum's a ridiculous joke,1
1612,ridiculous joke i'm gonna,1
1757,not mine she mistakes,1
1726,2] bombs have run,1
1724,mine [verse 2] bombs,1
1723,not mine [verse 2],1
1722,you're not mine [verse,1
1694,it [chorus] i didn't,1
1693,leave it [chorus] i,1
1692,so leave it [chorus],1
1691,again so leave it,1
1690,it again so leave,1
1689,doing it again so,1
1688,not doing it again,1
1687,we're not doing it,1
1686,bed we're not doing,1
1685,to bed we're not,1
1684,go to bed we're,1
1683,and go to bed,1
1682,head and go to,1
1681,my head and go,1
1680,in my head and,1
1679,pill in my head,1
1678,another pill in my,1
1677,stick another pill in,1
1676,house stick another pill,1
1675,the house stick another,1
1674,drowns the house stick,1
1673,sun drowns the house,1
1725,[verse 2] bombs have,1
1727,bombs have run out,1
1671,the lounge sun drowns,1
1728,have run out call,1
1756,you're not mine she,1
1752,dreaming [chorus] i didn't,1
1751,keep dreaming [chorus] i,1
1750,again? keep dreaming [chorus],1
1749,it again? keep dreaming,1
1748,doing it again? keep,1
1747,we're doing it again?,1
1746,think we're doing it,1
1745,you think we're doing,1
1744,said you think we're,1
1743,she said you think,1
1742,""" she said you",1
1741,"head "" she said",1
1740,"her head "" she",1
1739,"giving her head """,1
1738,you giving her head,1
1737,hear you giving her,1
1736,could hear you giving,1
1735,"""i could hear you",1
1734,"town ""i could hear",1
1733,"the town ""i could",1
1732,"'round the town ""i",1
1731,call 'round the town,1
1730,out call 'round the,1
1729,run out call 'round,1
1672,lounge sun drowns the,1
1670,around the lounge sun,1
1613,joke i'm gonna pick,1
1641,in your hair go,1
1639,air breathing in your,1
1638,the air breathing in,1
1637,with the air breathing,1
1636,playing with the air,1
1635,lights playing with the,1
1634,car lights playing with,1
1633,midnight car lights playing,1
1632,sound midnight car lights,1
1631,soft sound midnight car,1
1630,down soft sound midnight,1
1628,alright go down soft,1
1627,alright alright go down,1
1626,it's alright alright go,1
1625,i'm alright yeah it's,1
1624,but i'm alright yeah,1
1623,smoke but i'm alright,1
1622,to smoke but i'm,1
1621,me to smoke but,1
1620,allows me to smoke,1
1619,that allows me to,1
1618,option that allows me,1
1617,that option that allows,1
1616,pick that option that,1
1615,gonna pick that option,1
1614,i'm gonna pick that,1
1640,breathing in your hair,1
1642,your hair go down,1
1669,twist around the lounge,1
1643,hair go down soft,1
1668,1] twist around the,1
1667,[verse 1] twist around,1
1666,nose [verse 1] twist,1
1665,your nose [verse 1],1
1664,through your nose [verse,1
1663,breathe through your nose,1
1662,you breathe through your,1
1661,so you breathe through,1
1660,mouth so you breathe,1
1659,your mouth so you,1
1658,up your mouth so,1
1657,taking up your mouth,1
1656,bones taking up your,1
1655,your bones taking up,1
1654,in your bones taking,1
1653,jump in your bones,1
1652,rather jump in your,1
1651,i'd rather jump in,1
1650,skin? i'd rather jump,1
1649,your skin? i'd rather,1
1648,into your skin? i'd,1
1647,step into your skin?,1
1646,sound step into your,1
1645,soft sound step into,1
1644,down soft sound step,1
1094,bye even in the,1
1011,you mind [verse 2],1
1092,to say bye even,1
381,and touched your leg,1
393,a time soon you,1
392,at a time soon,1
391,day at a time,1
390,one day at a,1
389,it one day at,1
388,take it one day,1
387,i'll take it one,1
386,again i'll take it,1
385,again again i'll take,1
384,leg again again i'll,1
383,your leg again again,1
382,touched your leg again,1
380,lines and touched your,1
1091,hard to say bye,1
379,the lines and touched,1
378,between the lines and,1
377,read between the lines,1
376,i read between the,1
375,"fine"" i read between",1
374,"it's fine"" i read",1
373,"no it's fine"" i",1
372,"""oh no it's fine""",1
371,"said ""oh no it's",1
370,"you said ""oh no",1
369,"again you said ""oh",1
368,coat again you said,1
394,time soon you will,1
395,soon you will be,1
396,you will be mine,1
397,will be mine oh,1
423,sitting down with me?,1
422,fancy sitting down with,1
421,you fancy sitting down,1
420,do you fancy sitting,1
419,alive do you fancy,1
418,so alive do you,1
417,look so alive do,1
416,you look so alive,1
415,eyes you look so,1
414,your eyes you look,1
413,in your eyes you,1
412,is in your eyes,1
411,smoke is in your,1
410,the smoke is in,1
409,when the smoke is,1
408,now when the smoke,1
407,you now when the,1
406,want you now when,1
405,now i want you,1
404,you now i want,1
403,want you now i,1
401,but i want you,1
400,oh but i want,1
399,mine oh but i,1
398,be mine oh but,1
367,your coat again you,1
366,on your coat again,1
365,caught on your coat,1
298,enormous house you said,1
296,and your enormous house,1
295,bike and your enormous,1
294,my bike and your,1
293,need's my bike and,1
292,we need's my bike,1
291,all we need's my,1
290,night all we need's,1
289,the night all we,1
288,for the night all,1
287,excited for the night,1
286,so excited for the,1
285,i'm so excited for,1
284,'round i'm so excited,1
283,me 'round i'm so,1
282,want me 'round i'm,1
281,don't want me 'round,1
280,you don't want me,1
279,if you don't want,1
278,right if you don't,1
277,it right if you,1
276,make it right if,1
275,never make it right,1
274,i'll never make it,1
273,light i'll never make,1
272,losing light i'll never,1
297,your enormous house you,1
299,house you said someday,1
364,i'm caught on your,1
300,you said someday we,1
363,2] i'm caught on,1
362,[verse 2] i'm caught,1
361,mind [verse 2] i'm,1
360,your mind [verse 2],1
322,need [hook] don't you,1
321,i need [hook] don't,1
320,all i need [hook],1
318,if you're all i,1
317,see if you're all,1
316,and see if you're,1
315,around and see if,1
314,knock around and see,1
313,we'll knock around and,1
312,then we'll knock around,1
311,'til then we'll knock,1
310,height 'til then we'll,1
309,your height 'til then,1
308,to your height 'til,1
307,closer to your height,1
306,i'm closer to your,1
305,when i'm closer to,1
304,might when i'm closer,1
303,we might when i'm,1
302,someday we might when,1
301,said someday we might,1
424,down with me? maybe,1
425,with me? maybe 'cause,1
426,me? maybe 'cause you're,1
512,insist on haunting your,1
510,so i insist on,1
509,head so i insist,1
508,own head so i,1
507,my own head so,1
506,within my own head,1
505,exist within my own,1
504,can't exist within my,1
503,i can't exist within,1
502,friend i can't exist,1
501,old friend i can't,1
500,an old friend i,1
499,like an old friend,1
498,me like an old,1
497,treat me like an,1
496,then treat me like,1
495,must then treat me,1
494,you must then treat,1
493,if you must then,1
492,me if you must,1
491,fuck me if you,1
490,well fuck me if,1
489,instrument well fuck me,1
488,an instrument well fuck,1
487,i'm an instrument well,1
486,that i'm an instrument,1
511,i insist on haunting,1
513,on haunting your bed,1
484,through belief that i'm,1
514,haunting your bed if,1
544,push your head down,1
543,round push your head,1
542,car round push your,1
541,spin car round push,1
540,2] spin car round,1
539,[verse 2] spin car,1
538,scared [verse 2] spin,1
537,not scared [verse 2],1
532,no i'm not scared,1
531,anymore no i'm not,1
530,scared anymore no i'm,1
529,not scared anymore no,1
528,i'm not scared anymore,1
526,see [hook] i'm not,1
525,you'd see [hook] i'm,1
524,said you'd see [hook],1
523,i said you'd see,1
522,what i said you'd,1
521,hear what i said,1
520,only hear what i,1
519,could only hear what,1
518,you could only hear,1
517,if you could only,1
516,bed if you could,1
515,your bed if you,1
485,belief that i'm an,1
483,friends through belief that,1
427,maybe 'cause you're all,1
454,want to kiss your,1
452,friend i want to,1
451,your friend i want,1
450,be your friend i,1
449,to be your friend,1
448,want to be your,1
447,don't want to be,1
446,i don't want to,1
445,arms i don't want,1
444,your arms i don't,1
443,of your arms i,1
442,feeling of your arms,1
441,deliberate feeling of your,1
440,not deliberate feeling of,1
439,is not deliberate feeling,1
438,place is not deliberate,1
437,my place is not,1
436,heart my place is,1
435,your heart my place,1
434,to your heart my,1
433,according to your heart,1
432,[bridge] according to your,1
431,need [bridge] according to,1
430,i need [bridge] according,1
429,all i need [bridge],1
428,'cause you're all i,1
453,i want to kiss,1
455,to kiss your neck,1
482,my friends through belief,1
456,kiss your neck [hook],1
481,of my friends through,1
480,lot of my friends,1
479,a lot of my,1
478,lost a lot of,1
477,i've lost a lot,1
476,think i've lost a,1
475,i think i've lost,1
474,it i think i've,1
473,amend it i think,1
472,you amend it i,1
471,hope you amend it,1
470,i hope you amend,1
469,dead i hope you,1
468,is dead i hope,1
467,dad is dead i,1
466,your dad is dead,1
465,that your dad is,1
464,sorry that your dad,1
463,i'm sorry that your,1
462,1] i'm sorry that,1
461,[verse 1] i'm sorry,1
460,mind [verse 1] i'm,1
459,your mind [verse 1],1
458,neck [hook] don't you,1
457,your neck [hook] don't,1
271,started losing light i'll,1
270,we started losing light,1
269,out? we started losing,1
86,and my wife inquired,1
84,in blood and my,1
83,covered in blood and,1
82,all covered in blood,1
81,hands all covered in,1
80,his hands all covered,1
79,and his hands all,1
78,island and his hands,1
77,this island and his,1
76,on this island and,1
75,ghost on this island,1
74,a ghost on this,1
73,there's a ghost on,1
72,swear there's a ghost,1
71,i swear there's a,1
70,and i swear there's,1
69,1] and i swear,1
68,[verse 1] and i,1
67,'round [verse 1] and,1
66,and 'round [verse 1],1
65,'round and 'round [verse,1
64,go 'round and 'round,1
63,we go 'round and,1
62,yeah we go 'round,1
61,drive yeah we go,1
60,we drive yeah we,1
85,blood and my wife,1
87,my wife inquired of,1
58,town and we drive,1
88,wife inquired of understanding,1
113,"i'm just treading water""",1
112,like i'm just treading,1
111,feel like i'm just,1
110,i feel like i'm,1
109,speak? i feel like,1
108,doesn't speak? i feel,1
107,who doesn't speak? i,1
106,somebody who doesn't speak?,1
105,to somebody who doesn't,1
104,relate to somebody who,1
103,i relate to somebody,1
102,can i relate to,1
101,"""how can i relate",1
100,"said ""how can i",1
99,"she said ""how can",1
98,"can't she said ""how",1
97,you can't she said,1
96,dear you can't she,1
95,my dear you can't,1
94,course my dear you,1
93,of course my dear,1
92,but of course my,1
91,understanding but of course,1
90,of understanding but of,1
89,inquired of understanding but,1
59,and we drive yeah,1
57,the town and we,1
115,"treading water"" [chorus] is",1
28,depends are we just,1
26,it all depends are,1
25,again it all depends,1
24,leaving again it all,1
23,about leaving again it,1
22,thinking about leaving again,1
21,was thinking about leaving,1
20,i was thinking about,1
19,and i was thinking,1
18,you and i was,1
17,love you and i,1
16,i love you and,1
15,think i love you,1
14,i think i love,1
13,high i think i,1
12,so high i think,1
11,i'm so high i,1
10,man i'm so high,1
9,"2"" man i'm so",1
8,"before 2"" man i'm",1
7,"one before 2"" man",1
6,"eat one before 2""",1
5,should eat one before,1
4,"""we should eat one",1
3,"new ""we should eat",1
2,"so new ""we should",1
27,all depends are we,1
29,are we just friends?,1
56,of the town and,1
30,we just friends? and,1
55,edge of the town,1
54,the edge of the,1
53,to the edge of,1
52,car to the edge,1
51,mum's car to the,1
50,your mum's car to,1
49,take your mum's car,1
48,we take your mum's,1
47,anobrain we take your,1
46,it's anobrain we take,1
45,babe it's anobrain we,1
44,you babe it's anobrain,1
43,for you babe it's,1
42,k? for you babe,1
41,your k? for you,1
40,of your k? for,1
39,bit of your k?,1
38,little bit of your,1
37,a little bit of,1
36,leave a little bit,1
35,you leave a little,1
34,can you leave a,1
33,and can you leave,1
32,friends? and can you,1
31,just friends? and can,1
114,"just treading water"" [chorus]",1
116,"water"" [chorus] is it",1
268,coming out? we started,1
240,in your bed you,1
238,she's rushing in your,1
237,facedown she's rushing in,1
236,and facedown she's rushing,1
235,blue and facedown she's,1
234,and blue and facedown,1
233,black and blue and,1
232,he's black and blue,1
231,through he's black and,1
230,it through he's black,1
229,made it through he's,1
228,we made it through,1
227,line we made it,1
226,first line we made,1
225,the first line we,1
224,chasing the first line,1
223,you're chasing the first,1
222,while you're chasing the,1
221,friends while you're chasing,1
220,your friends while you're,1
219,pulling your friends while,1
218,and pulling your friends,1
217,ends and pulling your,1
216,saving ends and pulling,1
215,beds saving ends and,1
214,hospital beds saving ends,1
239,rushing in your bed,1
241,your bed you take,1
212,heads in hospital beds,1
242,bed you take draws,1
267,you coming out? we,1
266,time you coming out?,1
265,what time you coming,1
264,1] what time you,1
263,[verse 1] what time,1
262,"it?"" [verse 1] what",1
261,"see it?"" [verse 1]",1
260,"you see it?"" [verse",1
259,"can you see it?""",1
258,head can you see,1
257,my head can you,1
256,lost my head can,1
255,"""i lost my head",1
254,"said ""i lost my",1
253,"he said ""i lost",1
252,"then he said ""i",1
251,facedown then he said,1
250,and facedown then he,1
249,head and facedown then,1
248,your head and facedown,1
247,sort your head and,1
246,to sort your head,1
245,draws to sort your,1
244,take draws to sort,1
243,you take draws to,1
213,in hospital beds saving,1
211,broken heads in hospital,1
124,same for you? [verse,1
163,the criminals and liars,1
161,you? well the criminals,1
160,for you? well the,1
159,same for you? well,1
158,much [chorus] is it,1
157,too much [chorus] is,1
156,all too much [chorus],1
143,well i love the,1
142,rushed well i love,1
141,so rushed well i,1
140,appears so rushed well,1
139,work appears so rushed,1
138,his work appears so,1
137,and his work appears,1
136,capricious and his work,1
135,so capricious and his,1
134,goes so capricious and,1
133,he goes so capricious,1
132,and he goes so,1
131,comes and he goes,1
130,he comes and he,1
129,well he comes and,1
128,2] well he comes,1
127,[verse 2] well he,1
126,you? [verse 2] well,1
125,for you? [verse 2],1
162,well the criminals and,1
164,criminals and liars keep,1
210,off broken heads in,1
165,and liars keep them,1
209,them off broken heads,1
208,wash them off broken,1
196,[break] the blood is,1
195,hands [break] the blood,1
194,your hands [break] the,1
193,as your hands [break],1
192,hands the blood is,1
191,your hands the blood,1
190,as your hands the,1
181,[bridge] the blood is,1
180,much [bridge] the blood,1
179,too much [bridge] the,1
178,all too much [bridge],1
177,and i love the,1
176,mine and i love,1
175,of mine and i,1
174,privilege of mine and,1
173,a privilege of mine,1
172,as a privilege of,1
171,cells as a privilege,1
170,your cells as a,1
169,in your cells as,1
168,them in your cells,1
167,keep them in your,1
166,liars keep them in,1
545,your head down down,1
546,head down down down,1
547,down down down and,1
886,the skin that you're,1
884,[verse 1] the skin,1
883,that [verse 1] the,1
882,like that [verse 1],1
881,things like that [verse,1
880,to things like that,1
879,regards to things like,1
878,in regards to things,1
877,record in regards to,1
876,honest record in regards,1
875,most honest record in,1
874,the most honest record,1
873,is the most honest,1
872,cars is the most,1
871,for cars is the,1
870,think music for cars,1
869,i think music for,1
868,that i think music,1
867,was that i think,1
866,that was that i,1
865,and that was that,1
864,synth and that was,1
863,and synth and that,1
862,vocals and synth and,1
861,of vocals and synth,1
860,moments of vocals and,1
885,1] the skin that,1
887,skin that you're in,1
858,putting little moments of,1
888,that you're in is,1
918,[interlude] in the mornings,1
917,now [interlude] in the,1
916,babies now [interlude] in,1
915,out babies now [interlude],1
914,pushing out babies now,1
913,everybody's pushing out babies,1
912,cause everybody's pushing out,1
911,sad? cause everybody's pushing,1
910,you sad? cause everybody's,1
909,why you sad? cause,1
908,and why you sad?,1
907,for and why you,1
901,ice what you sitting,1
900,as ice what you,1
899,dry as ice what,1
898,are dry as ice,1
897,bones are dry as,1
896,your bones are dry,1
895,and your bones are,1
894,now and your bones,1
893,soft now and your,1
892,all soft now and,1
891,is all soft now,1
890,in is all soft,1
889,you're in is all,1
859,little moments of vocals,1
857,hour putting little moments,1
926,with you in the,1
828,back hammered and we,1
826,to it back hammered,1
825,listened to it back,1
824,we listened to it,1
823,and we listened to,1
822,take and we listened,1
821,guitar take and we,1
820,the guitar take and,1
819,recorded the guitar take,1
818,i recorded the guitar,1
817,influence i recorded the,1
816,the influence i recorded,1
815,under the influence i,1
814,were under the influence,1
813,we were under the,1
812,so we were under,1
811,night so we were,1
810,saturday night so we,1
809,a saturday night so,1
808,on a saturday night,1
807,2am on a saturday,1
806,was 2am on a,1
805,this was 2am on,1
804,zone this was 2am,1
803,the zone this was,1
802,in the zone this,1
827,it back hammered and,1
829,hammered and we were,1
856,an hour putting little,1
830,and we were like,1
855,half an hour putting,1
854,like half an hour,1
853,spent like half an,1
852,just spent like half,1
851,we just spent like,1
850,and we just spent,1
849,day and we just,1
848,next day and we,1
847,the next day and,1
846,up the next day,1
845,woke up the next,1
844,we woke up the,1
843,sleep’ we woke up,1
842,some sleep’ we woke,1
841,get some sleep’ we,1
840,let’s get some sleep’,1
839,nah let’s get some,1
838,man nah let’s get,1
837,pretty man nah let’s,1
836,really pretty man nah,1
835,is really pretty man,1
834,‘this is really pretty,1
833,like ‘this is really,1
832,were like ‘this is,1
831,we were like ‘this,1
925,high with you in,1
927,you in the mornings,1
800,i was in the,1
1034,exaggerate and you and,1
1032,family die exaggerate and,1
1031,my family die exaggerate,1
1030,watching my family die,1
1029,than watching my family,1
1028,high than watching my,1
1027,getting high than watching,1
1026,be getting high than,1
1025,rather be getting high,1
1024,i'd rather be getting,1
1023,but i'd rather be,1
1022,sorry but i'd rather,1
1021,i'm sorry but i'd,1
1020,arrived i'm sorry but,1
1019,i arrived i'm sorry,1
1018,but i arrived i'm,1
1017,late but i arrived,1
1016,was late but i,1
1015,i was late but,1
1014,2] i was late,1
1013,[verse 2] i was,1
1012,mind [verse 2] i,1
1,"jeans so new ""we",1
1009,attack don't you mind,1
1008,heart attack don't you,1
1007,a heart attack don't,1
1033,die exaggerate and you,1
1035,and you and i,1
1005,face like a heart,1
1036,you and i oh,1
1090,it hard to say,1
1089,find it hard to,1
1088,i find it hard,1
1087,1] i find it,1
1086,[verse 1] i find,1
1085,mind [verse 1] i,1
1084,you mind [verse 1],1
1083,mind i put your,1
1082,you mind i put,1
1052,[hook] i put your,1
1051,mind [hook] i put,1
1050,you mind [hook] i,1
1049,don't you mind [hook],1
1048,body don't you mind,1
1047,your body don't you,1
1046,to your body don't,1
1045,terrible to your body,1
1044,something terrible to your,1
1043,did something terrible to,1
1042,i did something terrible,1
1041,think i did something,1
1040,i think i did,1
1039,oh i think i,1
1038,i oh i think,1
1037,and i oh i,1
1006,like a heart attack,1
1004,my face like a,1
928,high with you [hook],1
971,plane in the middle,1
969,got a plane in,1
968,i got a plane,1
967,1] i got a,1
966,[verse 1] i got,1
965,now [verse 1] i,1
964,dead now [verse 1],1
963,you're dead now [verse,1
947,[outro] well i thought,1
946,pushing [outro] well i,1
945,is pushing [outro] well,1
944,everybody is pushing [outro],1
943,pushing cause everybody is,1
942,is pushing cause everybody,1
941,everybody is pushing cause,1
939,that? cause everybody is,1
938,is that? cause everybody,1
937,why is that? cause,1
936,and why is that?,1
935,for and why is,1
934,pushing what you sitting,1
933,everybody's pushing what you,1
932,cause everybody's pushing what,1
931,[hook] cause everybody's pushing,1
930,you [hook] cause everybody's,1
929,with you [hook] cause,1
970,a plane in the,1
972,in the middle of,1
1003,seen my face like,1
973,the middle of the,1
1002,you've seen my face,1
1001,mind you've seen my,1
1000,you mind you've seen,1
999,don't you mind you've,1
998,back don't you mind,1
997,give back don't you,1
996,never give back don't,1
995,can never give back,1
994,you can never give,1
993,something you can never,1
992,you something you can,1
991,gave you something you,1
990,i gave you something,1
989,mind i gave you,1
988,you mind i gave,1
984,somebody don't you mind,1
983,killed somebody don't you,1
982,nearly killed somebody don't,1
981,i nearly killed somebody,1
980,mind i nearly killed,1
979,you mind i nearly,1
977,night don't you mind,1
976,the night don't you,1
975,of the night don't,1
974,middle of the night,1
801,was in the zone,1
799,so i was in,1
548,down down and smash,1
653,me out talking like,1
651,in knocking me out,1
650,me in knocking me,1
649,locking me in knocking,1
648,friends locking me in,1
647,your friends locking me,1
646,about your friends locking,1
645,song about your friends,1
644,another song about your,1
643,write another song about,1
642,down write another song,1
641,fall down write another,1
640,end fall down write,1
639,the end fall down,1
638,'til the end fall,1
637,staying 'til the end,1
636,not staying 'til the,1
635,now? not staying 'til,1
634,go now? not staying,1
633,we go now? not,1
632,can we go now?,1
631,2] can we go,1
630,[verse 2] can we,1
629,bending [verse 2] can,1
628,cars bending [verse 2],1
627,head cars bending [verse,1
652,knocking me out talking,1
654,out talking like you,1
605,you say [pre-chorus] drink,1
655,talking like you do,1
680,"interviewer: new track ""hnscc""",1
679,music interviewer: new track,1
678,tidy music interviewer: new,1
677,bang tidy music interviewer:,1
676,with bang tidy music,1
675,interview with bang tidy,1
674,bending interview with bang,1
673,cars bending interview with,1
672,head cars bending interview,1
671,you [pre-chorus] drink fall,1
670,helping you [pre-chorus] drink,1
669,i'm helping you [pre-chorus],1
668,think i'm helping you,1
667,don't think i'm helping,1
666,i don't think i'm,1
665,me i don't think,1
664,helping me i don't,1
663,you're helping me i,1
662,think you're helping me,1
661,you think you're helping,1
660,if you think you're,1
659,and if you think,1
658,do and if you,1
657,you do and if,1
656,like you do and,1
606,say [pre-chorus] drink fall,1
604,what you say [pre-chorus],1
682,"track ""hnscc"" from music",1
575,oh i prefer it,1
573,is true oh i,1
572,saying is true oh,1
571,they're saying is true,1
570,what they're saying is,1
569,if what they're saying,1
568,what if what they're,1
567,sound what if what,1
566,terrible sound what if,1
565,a terrible sound what,1
564,and a terrible sound,1
563,found and a terrible,1
562,glass found and a,1
561,of glass found and,1
560,piece of glass found,1
559,a piece of glass,1
558,been a piece of,1
557,there's been a piece,1
556,you there's been a,1
555,with you there's been,1
554,ground with you there's,1
553,the ground with you,1
552,into the ground with,1
551,smash into the ground,1
550,and smash into the,1
549,down and smash into,1
574,true oh i prefer,1
576,i prefer it in,1
603,exactly what you say,1
577,prefer it in your,1
602,hear exactly what you,1
601,can hear exactly what,1
600,they can hear exactly,1
599,out they can hear,1
598,blow out they can,1
597,friends blow out they,1
596,my friends blow out,1
595,at my friends blow,1
594,looking at my friends,1
593,stop looking at my,1
592,and stop looking at,1
591,down and stop looking,1
590,voice down and stop,1
589,your voice down and,1
588,keep your voice down,1
587,1] keep your voice,1
586,[verse 1] keep your,1
585,scared [verse 1] keep,1
584,not scared [verse 1],1
583,set [hook] i'm not,1
582,television set [hook] i'm,1
581,bed; television set [hook],1
580,your bed; television set,1
579,in your bed; television,1
578,it in your bed;,1
681,"new track ""hnscc"" from",1
683,"""hnscc"" from music for",1
798,me so i was,1
770,live guitar take i,1
768,actually a live guitar,1
767,it’s actually a live,1
766,lives it’s actually a,1
765,people’s lives it’s actually,1
764,of people’s lives it’s,1
763,dynamics of people’s lives,1
762,the dynamics of people’s,1
761,with the dynamics of,1
760,mess with the dynamics,1
759,really mess with the,1
758,can really mess with,1
757,over can really mess,1
756,control over can really,1
755,no control over can,1
754,have no control over,1
753,you have no control,1
752,something you have no,1
751,that something you have,1
750,fact that something you,1
749,the fact that something,1
748,impact the fact that,1
747,big impact the fact,1
746,a big impact the,1
745,was a big impact,1
744,it was a big,1
769,a live guitar take,1
771,guitar take i was,1
742,felt like it was,1
772,take i was playing,1
797,telling me so i,1
796,without telling me so,1
795,it without telling me,1
794,recorded it without telling,1
793,he recorded it without,1
792,imagine he recorded it,1
791,can imagine he recorded,1
790,you can imagine he,1
789,plugin you can imagine,1
788,every plugin you can,1
787,through every plugin you,1
786,it through every plugin,1
785,putting it through every,1
784,was putting it through,1
783,george was putting it,1
782,and george was putting,1
781,computer and george was,1
780,the computer and george,1
779,in the computer and,1
778,plugged in the computer,1
777,guitar plugged in the,1
776,the guitar plugged in,1
775,playing the guitar plugged,1
774,was playing the guitar,1
773,i was playing the,1
743,like it was a,1
741,it felt like it,1
684,from music for cars,1
712,healy: my nana who,1
710,track? matty healy: my,1
709,the track? matty healy:,1
708,behind the track? matty,1
707,idea behind the track?,1
706,the idea behind the,1
705,was the idea behind,1
704,what was the idea,1
703,lyrics what was the,1
702,no lyrics what was,1
701,features no lyrics what,1
700,it features no lyrics,1
699,fact it features no,1
698,the fact it features,1
697,especially the fact it,1
696,before especially the fact,1
695,done before especially the,1
694,you’ve done before especially,1
693,what you’ve done before,1
692,from what you’ve done,1
691,cry from what you’ve,1
690,far cry from what,1
689,a far cry from,1
688,is a far cry,1
687,cars is a far,1
686,for cars is a,1
711,matty healy: my nana,1
713,my nana who i,1
740,and it felt like,1
714,nana who i was,1
739,cancer and it felt,1
738,with cancer and it,1
737,diagnosed with cancer and,1
736,got diagnosed with cancer,1
735,mum got diagnosed with,1
734,guitarist’s mum got diagnosed,1
733,the guitarist’s mum got,1
732,that the guitarist’s mum,1
731,time that the guitarist’s,1
730,that time that the,1
729,about that time that,1
728,around about that time,1
727,was around about that,1
726,it was around about,1
725,and it was around,1
724,year and it was,1
723,this year and it,1
722,cancer this year and,1
721,of cancer this year,1
720,died of cancer this,1
719,to died of cancer,1
718,close to died of,1
717,was close to died,1
716,i was close to,1
715,who i was close,1
2021,time,1
