Anobrain,7gamP4sRTXxfqKblTVYmci
Antichrist,5wmBV7RrEDrEamTvCnuLxX
Facedown,7COnwG00wI52gEzD1IXGxI
Fallingforyou,2TgxCUZdHFkPEVmFge1OSd
Haunt    Bed,078y8ygOFesjpWf3Pp5yNv
Head.Cars.Bending,5CnQpEh55BqUPtT0GCLRqS
HNSCC,6c07FQryyVnmfFUuECzRvV
Intro Set3,2fdj5KFMvuHox86ccpMnnR
Me,4GjRDgb77p27GQnbZpv1OJ
Medicine,6FjQDNrlAzhw2REqMVuSpw
Milk,0fzqnqxwSh5Bmq8sY9tFb9
So Far (It's Alright),6WPBLVXV8yuKbKMwuS8G3V
The 1975 (The 1975),53dmBFkPpJQM41LF3wJdFM
The 1975 (ILIWYSFYASBYSUOI),4ZEvWpjUBtL9gjVIzB2Wbr
The 1975 (ABIIOR),7dvM0LbJ4pu1tDJnCH1Ahg
Undo,1LD52Nzt9wg1vB3F6gelPH
Woman,4KFXyjSCge9UpOvyf0ETH6
You,1ZwJALwnYbeHdEVCNVmniz
Chocolate,44Ljlpy44mHvLJxcYUvTK0
Girls,6d8jFIWMRwhVYe7SCQwlqL
Heart Out,3srofwWlFzNqgSmRI9YbFY
Is There Somebody Who Can Watch You,5vTRduHPw2BumSJTcaNm2E
M.O.N.E.Y.,4ehjV3FF2eehHdt91Bx2LX
Menswear,016jIui162qwzuYcIJzXat
Pressure,6tKBCvbaUoBRPk5kHH836j
Robbers,6BkUBVHoGXjOF3bpBkQ4aP
Settle Down,36YLqJHsNHHODwX5gDPEBb
SEX,0wIFAHbaUucA8mog7Y2IDD
She Way Out,4XVaKcjTMKPY1z5x9fCBbp
Talk!,6IGmJY5zrTC4HF31CP2Dhj
The City,0a612uSmQ7zXV54buD9LSn
A Change of Heart,035QPHPAcqApSGMMcogT45
I like it when you sleep for you are so beautiful yet so unaware of it,035QPHPAcqApSGMMcogT45
If I Believe You,2J3ajGI1sVj9wnqThJHwPS
Lostmyhead,37PSljWwMyg3JhqWma3Wai
Nana,1JmLA5HZ7Wp7L8DNctLpUW
Paris,59RNdFA4oFNIvTIvaBxqgQ
She Lays Down,7Esd9ROfkgPgBtWN72U5P5
She's American,51cd3bzVmLAjlnsSZn4ecW
Somebody Else,5hc71nKsUgtwQ3z52KEKQk
The Ballad of Me and My Brain,54XGKvGZwA7xB3Uu5vef0C
The Sound,316r1KLN0bcmpr7TZcMCXT
This Must Be My Dream,6OPOa3qlKoDUzGpS8MrcLi
UGH!,5vgdeMt4uKUN2BeltZjoDh
Love Me,5hRzAbY2AAO258hL6oqsqO
Loving Someone,4p1pxmqtPtPHqWbOd2RgXu
Be My Mistake,18UsAG7SfOQ5sxJEdjAMH0
Give Yourself a Try,4rmIfFUZhhi9sS5IYtpkXw
How to Draw   Petrichor,1bTfkhyNrSmthxL7P5yGDJ
I Always Wanna Die (Sometimes),7iPlcFvOMOzt6v0QvcAueZ
I Couldn't Be More in Love,2HwwGKPcI0rqnsFCqATXuj
I Like America & America Likes Me,1RHuBRoACkLRo2vjGqFCwf
Inside Your Mind,0bXxKkYJNxOqHjeOrYanvS
It's Not Living (If It's Not With You),3TgMcrV32NUKjEG2ujn9eh
Love It If We Made It,6WmIyn2fx1PKQ0XDpYj4VR
Sincerity Is Scary,6HguG9HRb1Ke1bhihfE4m8
Surrounded by Heads and Bodies,4EGVeQKn8WyzCmCx5YTIc4
The Man Who Married a Robot   Love Theme,48ndiF5dcv7WWm8KBcSm2X
TOOTIMETOOTIMETOOTIME,33DzKnwuBE6lfOiADwzd5E
Mine,0cnVBn7JsFlShF65EJe2Or